﻿{
	"name": "Game_Off",
	"version": "1.0",
	"description": "",
	"id": "",
	"viewport-width": 320,
	"viewport-height": 180,
	"author": "",
	"email": "",
	"website": "",
	"orientations": "any",
	"c2version": "265",
	"used-plugins": [
		"Audio",
		"Browser",
		"Button",
		"Function",
		"Keyboard",
		"List",
		"Mouse",
		"Sprite",
		"Text",
		"TiledBg",
		"Tilemap",
		"Touch",
		"WebStorage",
		"filechooser",
		"gamepad"
	],
	"used-behaviors": [
		"Bullet",
		"DragnDrop",
		"Flash",
		"LOS",
		"Physics",
		"Platform",
		"Sin",
		"Turret",
		"bound",
		"custom",
		"destroy",
		"scrollto",
		"shadowcaster",
		"solid"
	]
}